Match,Bookmaker,Outcome,Price
Aston Villa vs Tottenham Hotspur,Paddy Power,Aston Villa,1.3
Aston Villa vs Tottenham Hotspur,Paddy Power,Tottenham Hotspur,8.0
Aston Villa vs Tottenham Hotspur,Paddy Power,Draw,5.5
Aston Villa vs Tottenham Hotspur,Betfair,Aston Villa,1.37
Aston Villa vs Tottenham Hotspur,Betfair,Tottenham Hotspur,9.0
Aston Villa vs Tottenham Hotspur,Betfair,Draw,6.0
Aston Villa vs Tottenham Hotspur,Betfair,Aston Villa,1.38
Aston Villa vs Tottenham Hotspur,Betfair,Tottenham Hotspur,9.2
Aston Villa vs Tottenham Hotspur,Betfair,Draw,6.2
Aston Villa vs Tottenham Hotspur,Unibet,Aston Villa,1.36
Aston Villa vs Tottenham Hotspur,Unibet,Tottenham Hotspur,7.5
Aston Villa vs Tottenham Hotspur,Unibet,Draw,5.6
Aston Villa vs Tottenham Hotspur,LiveScore Bet,Aston Villa,1.32
Aston Villa vs Tottenham Hotspur,LiveScore Bet,Tottenham Hotspur,7.5
Aston Villa vs Tottenham Hotspur,LiveScore Bet,Draw,5.5
Aston Villa vs Tottenham Hotspur,Casumo,Aston Villa,1.36
Aston Villa vs Tottenham Hotspur,Casumo,Tottenham Hotspur,7.5
Aston Villa vs Tottenham Hotspur,Casumo,Draw,5.6
Aston Villa vs Tottenham Hotspur,LeoVegas,Aston Villa,1.33
Aston Villa vs Tottenham Hotspur,LeoVegas,Tottenham Hotspur,7.0
Aston Villa vs Tottenham Hotspur,LeoVegas,Draw,5.5
Aston Villa vs Tottenham Hotspur,Grosvenor,Aston Villa,1.36
Aston Villa vs Tottenham Hotspur,Grosvenor,Tottenham Hotspur,7.5
Aston Villa vs Tottenham Hotspur,Grosvenor,Draw,5.6
Aston Villa vs Tottenham Hotspur,Virgin Bet,Aston Villa,1.32
Aston Villa vs Tottenham Hotspur,Virgin Bet,Tottenham Hotspur,7.5
Aston Villa vs Tottenham Hotspur,Virgin Bet,Draw,5.5
Aston Villa vs Tottenham Hotspur,Betway,Aston Villa,1.33
Aston Villa vs Tottenham Hotspur,Betway,Tottenham Hotspur,7.5
Aston Villa vs Tottenham Hotspur,Betway,Draw,5.75
Aston Villa vs Tottenham Hotspur,Smarkets,Aston Villa,1.37
Aston Villa vs Tottenham Hotspur,Smarkets,Tottenham Hotspur,8.8
Aston Villa vs Tottenham Hotspur,Smarkets,Draw,6.0
Aston Villa vs Tottenham Hotspur,Smarkets,Aston Villa,1.38
Aston Villa vs Tottenham Hotspur,Smarkets,Tottenham Hotspur,9.2
Aston Villa vs Tottenham Hotspur,Smarkets,Draw,6.2
Aston Villa vs Tottenham Hotspur,BoyleSports,Aston Villa,1.33
Aston Villa vs Tottenham Hotspur,BoyleSports,Tottenham Hotspur,7.5
Aston Villa vs Tottenham Hotspur,BoyleSports,Draw,5.0
Aston Villa vs Tottenham Hotspur,Sky Bet,Aston Villa,1.3
Aston Villa vs Tottenham Hotspur,Sky Bet,Tottenham Hotspur,7.5
Aston Villa vs Tottenham Hotspur,Sky Bet,Draw,5.75
Aston Villa vs Tottenham Hotspur,888sport,Aston Villa,1.36
Aston Villa vs Tottenham Hotspur,888sport,Tottenham Hotspur,7.0
Aston Villa vs Tottenham Hotspur,888sport,Draw,5.5
Aston Villa vs Tottenham Hotspur,William Hill,Aston Villa,1.35
Aston Villa vs Tottenham Hotspur,William Hill,Tottenham Hotspur,7.0
Aston Villa vs Tottenham Hotspur,William Hill,Draw,5.0
Aston Villa vs Tottenham Hotspur,Matchbook,Aston Villa,1.37
Aston Villa vs Tottenham Hotspur,Matchbook,Tottenham Hotspur,9.0
Aston Villa vs Tottenham Hotspur,Matchbook,Draw,6.0
Aston Villa vs Tottenham Hotspur,Matchbook,Aston Villa,1.38
Aston Villa vs Tottenham Hotspur,Matchbook,Tottenham Hotspur,9.2
Aston Villa vs Tottenham Hotspur,Matchbook,Draw,6.2
Aston Villa vs Tottenham Hotspur,Betfair Sportsbook,Aston Villa,1.3
Aston Villa vs Tottenham Hotspur,Betfair Sportsbook,Tottenham Hotspur,7.5
Aston Villa vs Tottenham Hotspur,Betfair Sportsbook,Draw,4.5
Aston Villa vs Tottenham Hotspur,Bet Victor,Aston Villa,1.33
Aston Villa vs Tottenham Hotspur,Bet Victor,Tottenham Hotspur,8.0
Aston Villa vs Tottenham Hotspur,Bet Victor,Draw,5.5
Aston Villa vs Tottenham Hotspur,Coral,Aston Villa,1.35
Aston Villa vs Tottenham Hotspur,Coral,Tottenham Hotspur,7.5
Aston Villa vs Tottenham Hotspur,Coral,Draw,5.75
Aston Villa vs Tottenham Hotspur,Ladbrokes,Aston Villa,1.35
Aston Villa vs Tottenham Hotspur,Ladbrokes,Tottenham Hotspur,7.5
Aston Villa vs Tottenham Hotspur,Ladbrokes,Draw,5.5
Chelsea vs Manchester United,Paddy Power,Chelsea,1.4
Chelsea vs Manchester United,Paddy Power,Manchester United,7.0
Chelsea vs Manchester United,Paddy Power,Draw,4.75
Chelsea vs Manchester United,Smarkets,Chelsea,1.47
Chelsea vs Manchester United,Smarkets,Manchester United,7.8
Chelsea vs Manchester United,Smarkets,Draw,5.0
Chelsea vs Manchester United,Smarkets,Chelsea,1.48
Chelsea vs Manchester United,Smarkets,Manchester United,8.0
Chelsea vs Manchester United,Smarkets,Draw,5.2
Chelsea vs Manchester United,Betway,Chelsea,1.44
Chelsea vs Manchester United,Betway,Manchester United,6.0
Chelsea vs Manchester United,Betway,Draw,5.0
Chelsea vs Manchester United,Casumo,Chelsea,1.41
Chelsea vs Manchester United,Casumo,Manchester United,7.5
Chelsea vs Manchester United,Casumo,Draw,4.8
Chelsea vs Manchester United,Virgin Bet,Chelsea,1.38
Chelsea vs Manchester United,Virgin Bet,Manchester United,7.0
Chelsea vs Manchester United,Virgin Bet,Draw,4.7
Chelsea vs Manchester United,Unibet,Chelsea,1.42
Chelsea vs Manchester United,Unibet,Manchester United,7.5
Chelsea vs Manchester United,Unibet,Draw,4.8
Chelsea vs Manchester United,LiveScore Bet,Chelsea,1.38
Chelsea vs Manchester United,LiveScore Bet,Manchester United,7.0
Chelsea vs Manchester United,LiveScore Bet,Draw,4.7
Chelsea vs Manchester United,LeoVegas,Chelsea,1.38
Chelsea vs Manchester United,LeoVegas,Manchester United,7.0
Chelsea vs Manchester United,LeoVegas,Draw,4.75
Chelsea vs Manchester United,Grosvenor,Chelsea,1.41
Chelsea vs Manchester United,Grosvenor,Manchester United,7.5
Chelsea vs Manchester United,Grosvenor,Draw,4.8
Chelsea vs Manchester United,Betfair,Chelsea,1.47
Chelsea vs Manchester United,Betfair,Manchester United,7.8
Chelsea vs Manchester United,Betfair,Draw,5.1
Chelsea vs Manchester United,Betfair,Chelsea,1.48
Chelsea vs Manchester United,Betfair,Manchester United,8.0
Chelsea vs Manchester United,Betfair,Draw,5.2
Chelsea vs Manchester United,BoyleSports,Chelsea,1.4
Chelsea vs Manchester United,BoyleSports,Manchester United,6.5
Chelsea vs Manchester United,BoyleSports,Draw,4.75
Chelsea vs Manchester United,Sky Bet,Chelsea,1.4
Chelsea vs Manchester United,Sky Bet,Manchester United,6.5
Chelsea vs Manchester United,Sky Bet,Draw,5.0
Chelsea vs Manchester United,Bet Victor,Chelsea,1.4
Chelsea vs Manchester United,Bet Victor,Manchester United,7.0
Chelsea vs Manchester United,Bet Victor,Draw,5.0
Chelsea vs Manchester United,888sport,Chelsea,1.4
Chelsea vs Manchester United,888sport,Manchester United,6.5
Chelsea vs Manchester United,888sport,Draw,4.8
Chelsea vs Manchester United,William Hill,Chelsea,1.4
Chelsea vs Manchester United,William Hill,Manchester United,6.5
Chelsea vs Manchester United,William Hill,Draw,4.75
Chelsea vs Manchester United,Matchbook,Chelsea,1.47
Chelsea vs Manchester United,Matchbook,Manchester United,7.8
Chelsea vs Manchester United,Matchbook,Draw,5.1
Chelsea vs Manchester United,Matchbook,Chelsea,1.48
Chelsea vs Manchester United,Matchbook,Manchester United,8.0
Chelsea vs Manchester United,Matchbook,Draw,5.3
Chelsea vs Manchester United,Betfair Sportsbook,Chelsea,1.36
Chelsea vs Manchester United,Betfair Sportsbook,Manchester United,6.5
Chelsea vs Manchester United,Betfair Sportsbook,Draw,4.0
Chelsea vs Manchester United,Coral,Chelsea,1.4
Chelsea vs Manchester United,Coral,Manchester United,7.0
Chelsea vs Manchester United,Coral,Draw,5.0
Chelsea vs Manchester United,Ladbrokes,Chelsea,1.4
Chelsea vs Manchester United,Ladbrokes,Manchester United,7.0
Chelsea vs Manchester United,Ladbrokes,Draw,4.8
Everton vs Southampton,Paddy Power,Everton,1.36
Everton vs Southampton,Paddy Power,Southampton,8.0
Everton vs Southampton,Paddy Power,Draw,4.75
Everton vs Southampton,Smarkets,Everton,1.44
Everton vs Southampton,Smarkets,Southampton,9.0
Everton vs Southampton,Smarkets,Draw,5.1
Everton vs Southampton,Smarkets,Everton,1.45
Everton vs Southampton,Smarkets,Southampton,9.2
Everton vs Southampton,Smarkets,Draw,5.2
Everton vs Southampton,Betway,Everton,1.43
Everton vs Southampton,Betway,Southampton,6.5
Everton vs Southampton,Betway,Draw,4.75
Everton vs Southampton,Unibet,Everton,1.41
Everton vs Southampton,Unibet,Southampton,8.0
Everton vs Southampton,Unibet,Draw,4.75
Everton vs Southampton,LiveScore Bet,Everton,1.37
Everton vs Southampton,LiveScore Bet,Southampton,8.0
Everton vs Southampton,LiveScore Bet,Draw,4.6
Everton vs Southampton,Casumo,Everton,1.4
Everton vs Southampton,Casumo,Southampton,8.0
Everton vs Southampton,Casumo,Draw,4.7
Everton vs Southampton,Virgin Bet,Everton,1.37
Everton vs Southampton,Virgin Bet,Southampton,8.0
Everton vs Southampton,Virgin Bet,Draw,4.6
Everton vs Southampton,Grosvenor,Everton,1.4
Everton vs Southampton,Grosvenor,Southampton,8.0
Everton vs Southampton,Grosvenor,Draw,4.7
Everton vs Southampton,LeoVegas,Everton,1.38
Everton vs Southampton,LeoVegas,Southampton,7.5
Everton vs Southampton,LeoVegas,Draw,4.6
Everton vs Southampton,Betfair,Everton,1.43
Everton vs Southampton,Betfair,Southampton,8.8
Everton vs Southampton,Betfair,Draw,5.1
Everton vs Southampton,Betfair,Everton,1.45
Everton vs Southampton,Betfair,Southampton,9.2
Everton vs Southampton,Betfair,Draw,5.2
Everton vs Southampton,BoyleSports,Everton,1.36
Everton vs Southampton,BoyleSports,Southampton,7.5
Everton vs Southampton,BoyleSports,Draw,4.5
Everton vs Southampton,Sky Bet,Everton,1.4
Everton vs Southampton,Sky Bet,Southampton,7.5
Everton vs Southampton,Sky Bet,Draw,4.5
Everton vs Southampton,Bet Victor,Everton,1.4
Everton vs Southampton,Bet Victor,Southampton,7.5
Everton vs Southampton,Bet Victor,Draw,4.4
Everton vs Southampton,888sport,Everton,1.4
Everton vs Southampton,888sport,Southampton,7.5
Everton vs Southampton,888sport,Draw,4.6
Everton vs Southampton,William Hill,Everton,1.4
Everton vs Southampton,William Hill,Southampton,7.0
Everton vs Southampton,William Hill,Draw,4.5
Everton vs Southampton,Betfair Sportsbook,Everton,1.36
Everton vs Southampton,Betfair Sportsbook,Southampton,7.5
Everton vs Southampton,Betfair Sportsbook,Draw,4.0
Everton vs Southampton,Matchbook,Everton,1.43
Everton vs Southampton,Matchbook,Southampton,8.8
Everton vs Southampton,Matchbook,Draw,5.1
Everton vs Southampton,Matchbook,Everton,1.45
Everton vs Southampton,Matchbook,Southampton,9.0
Everton vs Southampton,Matchbook,Draw,5.2
Everton vs Southampton,Coral,Everton,1.4
Everton vs Southampton,Coral,Southampton,7.0
Everton vs Southampton,Coral,Draw,4.8
Everton vs Southampton,Ladbrokes,Everton,1.4
Everton vs Southampton,Ladbrokes,Southampton,7.0
Everton vs Southampton,Ladbrokes,Draw,4.6
West Ham United vs Nottingham Forest,Paddy Power,Nottingham Forest,2.6
West Ham United vs Nottingham Forest,Paddy Power,West Ham United,2.7
West Ham United vs Nottingham Forest,Paddy Power,Draw,3.25
West Ham United vs Nottingham Forest,Smarkets,Nottingham Forest,2.74
West Ham United vs Nottingham Forest,Smarkets,West Ham United,2.84
West Ham United vs Nottingham Forest,Smarkets,Draw,3.45
West Ham United vs Nottingham Forest,Smarkets,Nottingham Forest,2.76
West Ham United vs Nottingham Forest,Smarkets,West Ham United,2.88
West Ham United vs Nottingham Forest,Smarkets,Draw,3.5
West Ham United vs Nottingham Forest,Betway,Nottingham Forest,2.6
West Ham United vs Nottingham Forest,Betway,West Ham United,2.7
West Ham United vs Nottingham Forest,Betway,Draw,3.25
West Ham United vs Nottingham Forest,Casumo,Nottingham Forest,2.65
West Ham United vs Nottingham Forest,Casumo,West Ham United,2.75
West Ham United vs Nottingham Forest,Casumo,Draw,3.15
West Ham United vs Nottingham Forest,LiveScore Bet,Nottingham Forest,2.6
West Ham United vs Nottingham Forest,LiveScore Bet,West Ham United,2.7
West Ham United vs Nottingham Forest,LiveScore Bet,Draw,3.1
West Ham United vs Nottingham Forest,Unibet,Nottingham Forest,2.65
West Ham United vs Nottingham Forest,Unibet,West Ham United,2.8
West Ham United vs Nottingham Forest,Unibet,Draw,3.15
West Ham United vs Nottingham Forest,Virgin Bet,Nottingham Forest,2.6
West Ham United vs Nottingham Forest,Virgin Bet,West Ham United,2.7
West Ham United vs Nottingham Forest,Virgin Bet,Draw,3.1
West Ham United vs Nottingham Forest,LeoVegas,Nottingham Forest,2.6
West Ham United vs Nottingham Forest,LeoVegas,West Ham United,2.7
West Ham United vs Nottingham Forest,LeoVegas,Draw,3.1
West Ham United vs Nottingham Forest,Grosvenor,Nottingham Forest,2.65
West Ham United vs Nottingham Forest,Grosvenor,West Ham United,2.75
West Ham United vs Nottingham Forest,Grosvenor,Draw,3.15
West Ham United vs Nottingham Forest,Betfair,Nottingham Forest,2.72
West Ham United vs Nottingham Forest,Betfair,West Ham United,2.86
West Ham United vs Nottingham Forest,Betfair,Draw,3.45
West Ham United vs Nottingham Forest,Betfair,Nottingham Forest,2.76
West Ham United vs Nottingham Forest,Betfair,West Ham United,2.88
West Ham United vs Nottingham Forest,Betfair,Draw,3.5
West Ham United vs Nottingham Forest,BoyleSports,Nottingham Forest,2.5
West Ham United vs Nottingham Forest,BoyleSports,West Ham United,2.7
West Ham United vs Nottingham Forest,BoyleSports,Draw,3.3
West Ham United vs Nottingham Forest,Sky Bet,Nottingham Forest,2.5
West Ham United vs Nottingham Forest,Sky Bet,West Ham United,2.7
West Ham United vs Nottingham Forest,Sky Bet,Draw,3.3
West Ham United vs Nottingham Forest,Bet Victor,Nottingham Forest,2.5
West Ham United vs Nottingham Forest,Bet Victor,West Ham United,2.7
West Ham United vs Nottingham Forest,Bet Victor,Draw,3.3
West Ham United vs Nottingham Forest,888sport,Nottingham Forest,2.5
West Ham United vs Nottingham Forest,888sport,West Ham United,2.8
West Ham United vs Nottingham Forest,888sport,Draw,3.3
West Ham United vs Nottingham Forest,William Hill,Nottingham Forest,2.45
West Ham United vs Nottingham Forest,William Hill,West Ham United,2.75
West Ham United vs Nottingham Forest,William Hill,Draw,3.3
West Ham United vs Nottingham Forest,Betfair Sportsbook,Nottingham Forest,2.5
West Ham United vs Nottingham Forest,Betfair Sportsbook,West Ham United,2.5
West Ham United vs Nottingham Forest,Betfair Sportsbook,Draw,2.75
West Ham United vs Nottingham Forest,Coral,Nottingham Forest,2.5
West Ham United vs Nottingham Forest,Coral,West Ham United,2.75
West Ham United vs Nottingham Forest,Coral,Draw,3.4
West Ham United vs Nottingham Forest,Ladbrokes,Nottingham Forest,2.5
West Ham United vs Nottingham Forest,Ladbrokes,West Ham United,2.7
West Ham United vs Nottingham Forest,Ladbrokes,Draw,3.3
West Ham United vs Nottingham Forest,Matchbook,Nottingham Forest,2.72
West Ham United vs Nottingham Forest,Matchbook,West Ham United,2.86
West Ham United vs Nottingham Forest,Matchbook,Draw,3.45
West Ham United vs Nottingham Forest,Matchbook,Nottingham Forest,2.76
West Ham United vs Nottingham Forest,Matchbook,West Ham United,2.88
West Ham United vs Nottingham Forest,Matchbook,Draw,3.5
Brentford vs Fulham,Paddy Power,Brentford,1.91
Brentford vs Fulham,Paddy Power,Fulham,3.6
Brentford vs Fulham,Paddy Power,Draw,3.8
Brentford vs Fulham,Smarkets,Brentford,1.97
Brentford vs Fulham,Smarkets,Fulham,3.75
Brentford vs Fulham,Smarkets,Draw,4.0
Brentford vs Fulham,Smarkets,Brentford,2.02
Brentford vs Fulham,Smarkets,Fulham,3.9
Brentford vs Fulham,Smarkets,Draw,4.2
Brentford vs Fulham,Betway,Brentford,1.91
Brentford vs Fulham,Betway,Fulham,3.6
Brentford vs Fulham,Betway,Draw,3.8
Brentford vs Fulham,Grosvenor,Brentford,1.93
Brentford vs Fulham,Grosvenor,Fulham,3.55
Brentford vs Fulham,Grosvenor,Draw,3.9
Brentford vs Fulham,Virgin Bet,Brentford,1.89
Brentford vs Fulham,Virgin Bet,Fulham,3.5
Brentford vs Fulham,Virgin Bet,Draw,3.85
Brentford vs Fulham,LeoVegas,Brentford,1.91
Brentford vs Fulham,LeoVegas,Fulham,3.5
Brentford vs Fulham,LeoVegas,Draw,3.85
Brentford vs Fulham,Unibet,Brentford,1.94
Brentford vs Fulham,Unibet,Fulham,3.6
Brentford vs Fulham,Unibet,Draw,3.9
Brentford vs Fulham,Casumo,Brentford,1.93
Brentford vs Fulham,Casumo,Fulham,3.55
Brentford vs Fulham,Casumo,Draw,3.9
Brentford vs Fulham,LiveScore Bet,Brentford,1.89
Brentford vs Fulham,LiveScore Bet,Fulham,3.5
Brentford vs Fulham,LiveScore Bet,Draw,3.85
Brentford vs Fulham,Betfair,Brentford,1.99
Brentford vs Fulham,Betfair,Fulham,3.8
Brentford vs Fulham,Betfair,Draw,4.0
Brentford vs Fulham,Betfair,Brentford,2.02
Brentford vs Fulham,Betfair,Fulham,3.9
Brentford vs Fulham,Betfair,Draw,4.2
Brentford vs Fulham,BoyleSports,Brentford,1.91
Brentford vs Fulham,BoyleSports,Fulham,3.5
Brentford vs Fulham,BoyleSports,Draw,3.75
Brentford vs Fulham,Sky Bet,Brentford,1.91
Brentford vs Fulham,Sky Bet,Fulham,3.6
Brentford vs Fulham,Sky Bet,Draw,3.75
Brentford vs Fulham,Bet Victor,Brentford,1.9
Brentford vs Fulham,Bet Victor,Fulham,3.5
Brentford vs Fulham,Bet Victor,Draw,3.75
Brentford vs Fulham,888sport,Brentford,1.91
Brentford vs Fulham,888sport,Fulham,3.6
Brentford vs Fulham,888sport,Draw,3.9
Brentford vs Fulham,William Hill,Brentford,1.91
Brentford vs Fulham,William Hill,Fulham,3.6
Brentford vs Fulham,William Hill,Draw,3.8
Brentford vs Fulham,Coral,Brentford,1.91
Brentford vs Fulham,Coral,Fulham,3.75
Brentford vs Fulham,Coral,Draw,3.9
Brentford vs Fulham,Ladbrokes,Brentford,1.85
Brentford vs Fulham,Ladbrokes,Fulham,3.7
Brentford vs Fulham,Ladbrokes,Draw,3.8
Brentford vs Fulham,Matchbook,Brentford,2.0
Brentford vs Fulham,Matchbook,Fulham,3.8
Brentford vs Fulham,Matchbook,Draw,4.0
Brentford vs Fulham,Matchbook,Brentford,2.02
Brentford vs Fulham,Matchbook,Fulham,3.9
Brentford vs Fulham,Matchbook,Draw,4.2
Brentford vs Fulham,Betfair Sportsbook,Brentford,1.83
Brentford vs Fulham,Betfair Sportsbook,Fulham,3.6
Brentford vs Fulham,Betfair Sportsbook,Draw,3.1
Leicester City vs Ipswich Town,Paddy Power,Ipswich Town,2.88
Leicester City vs Ipswich Town,Paddy Power,Leicester City,2.3
Leicester City vs Ipswich Town,Paddy Power,Draw,3.5
Leicester City vs Ipswich Town,Smarkets,Ipswich Town,3.05
Leicester City vs Ipswich Town,Smarkets,Leicester City,2.4
Leicester City vs Ipswich Town,Smarkets,Draw,3.7
Leicester City vs Ipswich Town,Smarkets,Ipswich Town,3.2
Leicester City vs Ipswich Town,Smarkets,Leicester City,2.44
Leicester City vs Ipswich Town,Smarkets,Draw,3.8
Leicester City vs Ipswich Town,Betway,Ipswich Town,3.0
Leicester City vs Ipswich Town,Betway,Leicester City,2.3
Leicester City vs Ipswich Town,Betway,Draw,3.4
Leicester City vs Ipswich Town,Casumo,Ipswich Town,2.95
Leicester City vs Ipswich Town,Casumo,Leicester City,2.32
Leicester City vs Ipswich Town,Casumo,Draw,3.55
Leicester City vs Ipswich Town,LiveScore Bet,Ipswich Town,2.9
Leicester City vs Ipswich Town,LiveScore Bet,Leicester City,2.25
Leicester City vs Ipswich Town,LiveScore Bet,Draw,3.5
Leicester City vs Ipswich Town,Unibet,Ipswich Town,3.0
Leicester City vs Ipswich Town,Unibet,Leicester City,2.33
Leicester City vs Ipswich Town,Unibet,Draw,3.55
Leicester City vs Ipswich Town,Virgin Bet,Ipswich Town,2.9
Leicester City vs Ipswich Town,Virgin Bet,Leicester City,2.25
Leicester City vs Ipswich Town,Virgin Bet,Draw,3.5
Leicester City vs Ipswich Town,LeoVegas,Ipswich Town,2.9
Leicester City vs Ipswich Town,LeoVegas,Leicester City,2.28
Leicester City vs Ipswich Town,LeoVegas,Draw,3.5
Leicester City vs Ipswich Town,Grosvenor,Ipswich Town,2.95
Leicester City vs Ipswich Town,Grosvenor,Leicester City,2.32
Leicester City vs Ipswich Town,Grosvenor,Draw,3.55
Leicester City vs Ipswich Town,Betfair,Ipswich Town,3.1
Leicester City vs Ipswich Town,Betfair,Leicester City,2.4
Leicester City vs Ipswich Town,Betfair,Draw,3.75
Leicester City vs Ipswich Town,Betfair,Ipswich Town,3.2
Leicester City vs Ipswich Town,Betfair,Leicester City,2.44
Leicester City vs Ipswich Town,Betfair,Draw,3.8
Leicester City vs Ipswich Town,BoyleSports,Ipswich Town,2.88
Leicester City vs Ipswich Town,BoyleSports,Leicester City,2.3
Leicester City vs Ipswich Town,BoyleSports,Draw,3.4
Leicester City vs Ipswich Town,Sky Bet,Ipswich Town,2.9
Leicester City vs Ipswich Town,Sky Bet,Leicester City,2.3
Leicester City vs Ipswich Town,Sky Bet,Draw,3.4
Leicester City vs Ipswich Town,Bet Victor,Ipswich Town,2.9
Leicester City vs Ipswich Town,Bet Victor,Leicester City,2.25
Leicester City vs Ipswich Town,Bet Victor,Draw,3.5
Leicester City vs Ipswich Town,888sport,Ipswich Town,2.9
Leicester City vs Ipswich Town,888sport,Leicester City,2.38
Leicester City vs Ipswich Town,888sport,Draw,3.5
Leicester City vs Ipswich Town,William Hill,Ipswich Town,2.88
Leicester City vs Ipswich Town,William Hill,Leicester City,2.3
Leicester City vs Ipswich Town,William Hill,Draw,3.4
Leicester City vs Ipswich Town,Coral,Ipswich Town,2.9
Leicester City vs Ipswich Town,Coral,Leicester City,2.3
Leicester City vs Ipswich Town,Coral,Draw,3.5
Leicester City vs Ipswich Town,Ladbrokes,Ipswich Town,2.9
Leicester City vs Ipswich Town,Ladbrokes,Leicester City,2.3
Leicester City vs Ipswich Town,Ladbrokes,Draw,3.5
Leicester City vs Ipswich Town,Betfair Sportsbook,Ipswich Town,2.88
Leicester City vs Ipswich Town,Betfair Sportsbook,Leicester City,2.2
Leicester City vs Ipswich Town,Betfair Sportsbook,Draw,2.88
Leicester City vs Ipswich Town,Matchbook,Ipswich Town,3.1
Leicester City vs Ipswich Town,Matchbook,Leicester City,2.4
Leicester City vs Ipswich Town,Matchbook,Draw,3.75
Leicester City vs Ipswich Town,Matchbook,Ipswich Town,3.2
Leicester City vs Ipswich Town,Matchbook,Leicester City,2.44
Leicester City vs Ipswich Town,Matchbook,Draw,3.8
Arsenal vs Newcastle United,Paddy Power,Arsenal,1.95
Arsenal vs Newcastle United,Paddy Power,Newcastle United,3.6
Arsenal vs Newcastle United,Paddy Power,Draw,3.6
Arsenal vs Newcastle United,Smarkets,Arsenal,2.04
Arsenal vs Newcastle United,Smarkets,Newcastle United,3.75
Arsenal vs Newcastle United,Smarkets,Draw,3.75
Arsenal vs Newcastle United,Smarkets,Arsenal,2.1
Arsenal vs Newcastle United,Smarkets,Newcastle United,3.9
Arsenal vs Newcastle United,Smarkets,Draw,3.95
Arsenal vs Newcastle United,Betway,Arsenal,1.95
Arsenal vs Newcastle United,Betway,Newcastle United,3.6
Arsenal vs Newcastle United,Betway,Draw,3.6
Arsenal vs Newcastle United,LiveScore Bet,Arsenal,1.94
Arsenal vs Newcastle United,LiveScore Bet,Newcastle United,3.65
Arsenal vs Newcastle United,LiveScore Bet,Draw,3.5
Arsenal vs Newcastle United,Virgin Bet,Arsenal,1.94
Arsenal vs Newcastle United,Virgin Bet,Newcastle United,3.65
Arsenal vs Newcastle United,Virgin Bet,Draw,3.5
Arsenal vs Newcastle United,LeoVegas,Arsenal,1.94
Arsenal vs Newcastle United,LeoVegas,Newcastle United,3.65
Arsenal vs Newcastle United,LeoVegas,Draw,3.5
Arsenal vs Newcastle United,Grosvenor,Arsenal,1.97
Arsenal vs Newcastle United,Grosvenor,Newcastle United,3.7
Arsenal vs Newcastle United,Grosvenor,Draw,3.55
Arsenal vs Newcastle United,Casumo,Arsenal,1.97
Arsenal vs Newcastle United,Casumo,Newcastle United,3.7
Arsenal vs Newcastle United,Casumo,Draw,3.55
Arsenal vs Newcastle United,Unibet,Arsenal,2.0
Arsenal vs Newcastle United,Unibet,Newcastle United,3.7
Arsenal vs Newcastle United,Unibet,Draw,3.6
Arsenal vs Newcastle United,Betfair,Arsenal,2.08
Arsenal vs Newcastle United,Betfair,Newcastle United,3.85
Arsenal vs Newcastle United,Betfair,Draw,3.8
Arsenal vs Newcastle United,Betfair,Arsenal,2.1
Arsenal vs Newcastle United,Betfair,Newcastle United,3.9
Arsenal vs Newcastle United,Betfair,Draw,3.85
Arsenal vs Newcastle United,BoyleSports,Arsenal,1.95
Arsenal vs Newcastle United,BoyleSports,Newcastle United,3.6
Arsenal vs Newcastle United,BoyleSports,Draw,3.5
Arsenal vs Newcastle United,Sky Bet,Arsenal,1.95
Arsenal vs Newcastle United,Sky Bet,Newcastle United,3.6
Arsenal vs Newcastle United,Sky Bet,Draw,3.5
Arsenal vs Newcastle United,Bet Victor,Arsenal,1.95
Arsenal vs Newcastle United,Bet Victor,Newcastle United,3.6
Arsenal vs Newcastle United,Bet Victor,Draw,3.6
Arsenal vs Newcastle United,888sport,Arsenal,1.95
Arsenal vs Newcastle United,888sport,Newcastle United,3.8
Arsenal vs Newcastle United,888sport,Draw,3.6
Arsenal vs Newcastle United,William Hill,Arsenal,1.95
Arsenal vs Newcastle United,William Hill,Newcastle United,3.75
Arsenal vs Newcastle United,William Hill,Draw,3.5
Arsenal vs Newcastle United,Coral,Arsenal,1.95
Arsenal vs Newcastle United,Coral,Newcastle United,3.7
Arsenal vs Newcastle United,Coral,Draw,3.6
Arsenal vs Newcastle United,Ladbrokes,Arsenal,1.95
Arsenal vs Newcastle United,Ladbrokes,Newcastle United,3.6
Arsenal vs Newcastle United,Ladbrokes,Draw,3.6
Arsenal vs Newcastle United,Matchbook,Arsenal,2.08
Arsenal vs Newcastle United,Matchbook,Newcastle United,3.85
Arsenal vs Newcastle United,Matchbook,Draw,3.8
Arsenal vs Newcastle United,Matchbook,Arsenal,2.1
Arsenal vs Newcastle United,Matchbook,Newcastle United,3.9
Arsenal vs Newcastle United,Matchbook,Draw,3.85
Arsenal vs Newcastle United,Betfair Sportsbook,Arsenal,1.91
Arsenal vs Newcastle United,Betfair Sportsbook,Newcastle United,3.5
Arsenal vs Newcastle United,Betfair Sportsbook,Draw,3.0
Brighton and Hove Albion vs Liverpool,Paddy Power,Brighton and Hove Albion,2.62
Brighton and Hove Albion vs Liverpool,Paddy Power,Liverpool,2.38
Brighton and Hove Albion vs Liverpool,Paddy Power,Draw,3.75
Brighton and Hove Albion vs Liverpool,Smarkets,Brighton and Hove Albion,2.7
Brighton and Hove Albion vs Liverpool,Smarkets,Liverpool,2.48
Brighton and Hove Albion vs Liverpool,Smarkets,Draw,3.9
Brighton and Hove Albion vs Liverpool,Smarkets,Brighton and Hove Albion,2.86
Brighton and Hove Albion vs Liverpool,Smarkets,Liverpool,2.58
Brighton and Hove Albion vs Liverpool,Smarkets,Draw,4.1
Brighton and Hove Albion vs Liverpool,Betway,Brighton and Hove Albion,2.6
Brighton and Hove Albion vs Liverpool,Betway,Liverpool,2.4
Brighton and Hove Albion vs Liverpool,Betway,Draw,3.75
Brighton and Hove Albion vs Liverpool,Casumo,Brighton and Hove Albion,2.63
Brighton and Hove Albion vs Liverpool,Casumo,Liverpool,2.5
Brighton and Hove Albion vs Liverpool,Casumo,Draw,3.65
Brighton and Hove Albion vs Liverpool,Unibet,Brighton and Hove Albion,2.65
Brighton and Hove Albion vs Liverpool,Unibet,Liverpool,2.5
Brighton and Hove Albion vs Liverpool,Unibet,Draw,3.7
Brighton and Hove Albion vs Liverpool,LiveScore Bet,Brighton and Hove Albion,2.55
Brighton and Hove Albion vs Liverpool,LiveScore Bet,Liverpool,2.4
Brighton and Hove Albion vs Liverpool,LiveScore Bet,Draw,3.55
Brighton and Hove Albion vs Liverpool,LeoVegas,Brighton and Hove Albion,2.6
Brighton and Hove Albion vs Liverpool,LeoVegas,Liverpool,2.45
Brighton and Hove Albion vs Liverpool,LeoVegas,Draw,3.6
Brighton and Hove Albion vs Liverpool,Virgin Bet,Brighton and Hove Albion,2.55
Brighton and Hove Albion vs Liverpool,Virgin Bet,Liverpool,2.4
Brighton and Hove Albion vs Liverpool,Virgin Bet,Draw,3.55
Brighton and Hove Albion vs Liverpool,Grosvenor,Brighton and Hove Albion,2.63
Brighton and Hove Albion vs Liverpool,Grosvenor,Liverpool,2.5
Brighton and Hove Albion vs Liverpool,Grosvenor,Draw,3.65
Brighton and Hove Albion vs Liverpool,Betfair,Brighton and Hove Albion,2.78
Brighton and Hove Albion vs Liverpool,Betfair,Liverpool,2.5
Brighton and Hove Albion vs Liverpool,Betfair,Draw,3.9
Brighton and Hove Albion vs Liverpool,Betfair,Brighton and Hove Albion,2.86
Brighton and Hove Albion vs Liverpool,Betfair,Liverpool,2.58
Brighton and Hove Albion vs Liverpool,Betfair,Draw,4.1
Brighton and Hove Albion vs Liverpool,BoyleSports,Brighton and Hove Albion,2.5
Brighton and Hove Albion vs Liverpool,BoyleSports,Liverpool,2.4
Brighton and Hove Albion vs Liverpool,BoyleSports,Draw,4.0
Brighton and Hove Albion vs Liverpool,Sky Bet,Brighton and Hove Albion,2.6
Brighton and Hove Albion vs Liverpool,Sky Bet,Liverpool,2.4
Brighton and Hove Albion vs Liverpool,Sky Bet,Draw,3.75
Brighton and Hove Albion vs Liverpool,Bet Victor,Brighton and Hove Albion,2.55
Brighton and Hove Albion vs Liverpool,Bet Victor,Liverpool,2.38
Brighton and Hove Albion vs Liverpool,Bet Victor,Draw,3.8
Brighton and Hove Albion vs Liverpool,888sport,Brighton and Hove Albion,2.5
Brighton and Hove Albion vs Liverpool,888sport,Liverpool,2.45
Brighton and Hove Albion vs Liverpool,888sport,Draw,3.9
Brighton and Hove Albion vs Liverpool,William Hill,Brighton and Hove Albion,2.5
Brighton and Hove Albion vs Liverpool,William Hill,Liverpool,2.45
Brighton and Hove Albion vs Liverpool,William Hill,Draw,3.8
Brighton and Hove Albion vs Liverpool,Coral,Brighton and Hove Albion,2.6
Brighton and Hove Albion vs Liverpool,Coral,Liverpool,2.4
Brighton and Hove Albion vs Liverpool,Coral,Draw,3.9
Brighton and Hove Albion vs Liverpool,Ladbrokes,Brighton and Hove Albion,2.6
Brighton and Hove Albion vs Liverpool,Ladbrokes,Liverpool,2.4
Brighton and Hove Albion vs Liverpool,Ladbrokes,Draw,3.9
Brighton and Hove Albion vs Liverpool,Betfair Sportsbook,Brighton and Hove Albion,2.5
Brighton and Hove Albion vs Liverpool,Betfair Sportsbook,Liverpool,2.25
Brighton and Hove Albion vs Liverpool,Betfair Sportsbook,Draw,2.88
Brighton and Hove Albion vs Liverpool,Matchbook,Brighton and Hove Albion,2.78
Brighton and Hove Albion vs Liverpool,Matchbook,Liverpool,2.5
Brighton and Hove Albion vs Liverpool,Matchbook,Draw,3.95
Brighton and Hove Albion vs Liverpool,Matchbook,Brighton and Hove Albion,2.86
Brighton and Hove Albion vs Liverpool,Matchbook,Liverpool,2.56
Brighton and Hove Albion vs Liverpool,Matchbook,Draw,4.0
Manchester City vs Bournemouth,Paddy Power,Bournemouth,5.5
Manchester City vs Bournemouth,Paddy Power,Manchester City,1.5
Manchester City vs Bournemouth,Paddy Power,Draw,4.33
Manchester City vs Bournemouth,Smarkets,Bournemouth,6.0
Manchester City vs Bournemouth,Smarkets,Manchester City,1.56
Manchester City vs Bournemouth,Smarkets,Draw,4.6
Manchester City vs Bournemouth,Smarkets,Bournemouth,6.6
Manchester City vs Bournemouth,Smarkets,Manchester City,1.59
Manchester City vs Bournemouth,Smarkets,Draw,4.8
Manchester City vs Bournemouth,Betway,Bournemouth,5.25
Manchester City vs Bournemouth,Betway,Manchester City,1.53
Manchester City vs Bournemouth,Betway,Draw,4.33
Manchester City vs Bournemouth,Betfair,Bournemouth,6.2
Manchester City vs Bournemouth,Betfair,Manchester City,1.57
Manchester City vs Bournemouth,Betfair,Draw,4.7
Manchester City vs Bournemouth,Betfair,Bournemouth,6.6
Manchester City vs Bournemouth,Betfair,Manchester City,1.59
Manchester City vs Bournemouth,Betfair,Draw,4.8
Manchester City vs Bournemouth,Unibet,Bournemouth,6.0
Manchester City vs Bournemouth,Unibet,Manchester City,1.5
Manchester City vs Bournemouth,Unibet,Draw,4.7
Manchester City vs Bournemouth,LiveScore Bet,Bournemouth,5.8
Manchester City vs Bournemouth,LiveScore Bet,Manchester City,1.44
Manchester City vs Bournemouth,LiveScore Bet,Draw,4.5
Manchester City vs Bournemouth,Casumo,Bournemouth,6.0
Manchester City vs Bournemouth,Casumo,Manchester City,1.49
Manchester City vs Bournemouth,Casumo,Draw,4.7
Manchester City vs Bournemouth,LeoVegas,Bournemouth,5.8
Manchester City vs Bournemouth,LeoVegas,Manchester City,1.47
Manchester City vs Bournemouth,LeoVegas,Draw,4.6
Manchester City vs Bournemouth,Grosvenor,Bournemouth,6.0
Manchester City vs Bournemouth,Grosvenor,Manchester City,1.49
Manchester City vs Bournemouth,Grosvenor,Draw,4.7
Manchester City vs Bournemouth,Virgin Bet,Bournemouth,5.8
Manchester City vs Bournemouth,Virgin Bet,Manchester City,1.44
Manchester City vs Bournemouth,Virgin Bet,Draw,4.5
Manchester City vs Bournemouth,BoyleSports,Bournemouth,5.0
Manchester City vs Bournemouth,BoyleSports,Manchester City,1.55
Manchester City vs Bournemouth,BoyleSports,Draw,4.33
Manchester City vs Bournemouth,Sky Bet,Bournemouth,5.25
Manchester City vs Bournemouth,Sky Bet,Manchester City,1.53
Manchester City vs Bournemouth,Sky Bet,Draw,4.33
Manchester City vs Bournemouth,888sport,Bournemouth,5.0
Manchester City vs Bournemouth,888sport,Manchester City,1.53
Manchester City vs Bournemouth,888sport,Draw,4.5
Manchester City vs Bournemouth,William Hill,Bournemouth,5.0
Manchester City vs Bournemouth,William Hill,Manchester City,1.55
Manchester City vs Bournemouth,William Hill,Draw,4.4
Manchester City vs Bournemouth,Bet Victor,Bournemouth,5.25
Manchester City vs Bournemouth,Bet Victor,Manchester City,1.53
Manchester City vs Bournemouth,Bet Victor,Draw,4.33
Manchester City vs Bournemouth,Coral,Bournemouth,5.5
Manchester City vs Bournemouth,Coral,Manchester City,1.55
Manchester City vs Bournemouth,Coral,Draw,4.4
Manchester City vs Bournemouth,Ladbrokes,Bournemouth,5.25
Manchester City vs Bournemouth,Ladbrokes,Manchester City,1.55
Manchester City vs Bournemouth,Ladbrokes,Draw,4.4
Manchester City vs Bournemouth,Matchbook,Bournemouth,6.2
Manchester City vs Bournemouth,Matchbook,Manchester City,1.57
Manchester City vs Bournemouth,Matchbook,Draw,4.7
Manchester City vs Bournemouth,Matchbook,Bournemouth,6.4
Manchester City vs Bournemouth,Matchbook,Manchester City,1.58
Manchester City vs Bournemouth,Matchbook,Draw,4.8
Crystal Palace vs Wolverhampton Wanderers,Paddy Power,Crystal Palace,2.25
Crystal Palace vs Wolverhampton Wanderers,Paddy Power,Wolverhampton Wanderers,3.2
Crystal Palace vs Wolverhampton Wanderers,Paddy Power,Draw,3.25
Crystal Palace vs Wolverhampton Wanderers,Smarkets,Crystal Palace,2.34
Crystal Palace vs Wolverhampton Wanderers,Smarkets,Wolverhampton Wanderers,3.3
Crystal Palace vs Wolverhampton Wanderers,Smarkets,Draw,3.35
Crystal Palace vs Wolverhampton Wanderers,Smarkets,Crystal Palace,2.42
Crystal Palace vs Wolverhampton Wanderers,Smarkets,Wolverhampton Wanderers,3.5
Crystal Palace vs Wolverhampton Wanderers,Smarkets,Draw,3.5
Crystal Palace vs Wolverhampton Wanderers,Betway,Crystal Palace,2.25
Crystal Palace vs Wolverhampton Wanderers,Betway,Wolverhampton Wanderers,3.2
Crystal Palace vs Wolverhampton Wanderers,Betway,Draw,3.2
Crystal Palace vs Wolverhampton Wanderers,Betfair,Crystal Palace,2.38
Crystal Palace vs Wolverhampton Wanderers,Betfair,Wolverhampton Wanderers,3.35
Crystal Palace vs Wolverhampton Wanderers,Betfair,Draw,3.4
Crystal Palace vs Wolverhampton Wanderers,Betfair,Crystal Palace,2.42
Crystal Palace vs Wolverhampton Wanderers,Betfair,Wolverhampton Wanderers,3.5
Crystal Palace vs Wolverhampton Wanderers,Betfair,Draw,3.5
Crystal Palace vs Wolverhampton Wanderers,BoyleSports,Crystal Palace,2.2
Crystal Palace vs Wolverhampton Wanderers,BoyleSports,Wolverhampton Wanderers,3.2
Crystal Palace vs Wolverhampton Wanderers,BoyleSports,Draw,3.25
Crystal Palace vs Wolverhampton Wanderers,Sky Bet,Crystal Palace,2.25
Crystal Palace vs Wolverhampton Wanderers,Sky Bet,Wolverhampton Wanderers,3.1
Crystal Palace vs Wolverhampton Wanderers,Sky Bet,Draw,3.3
Crystal Palace vs Wolverhampton Wanderers,888sport,Crystal Palace,2.3
Crystal Palace vs Wolverhampton Wanderers,888sport,Wolverhampton Wanderers,3.3
Crystal Palace vs Wolverhampton Wanderers,888sport,Draw,3.2
Crystal Palace vs Wolverhampton Wanderers,William Hill,Crystal Palace,2.25
Crystal Palace vs Wolverhampton Wanderers,William Hill,Wolverhampton Wanderers,3.25
Crystal Palace vs Wolverhampton Wanderers,William Hill,Draw,3.1
Crystal Palace vs Wolverhampton Wanderers,Bet Victor,Crystal Palace,2.2
Crystal Palace vs Wolverhampton Wanderers,Bet Victor,Wolverhampton Wanderers,3.12
Crystal Palace vs Wolverhampton Wanderers,Bet Victor,Draw,3.3
Crystal Palace vs Wolverhampton Wanderers,Coral,Crystal Palace,2.2
Crystal Palace vs Wolverhampton Wanderers,Coral,Wolverhampton Wanderers,3.25
Crystal Palace vs Wolverhampton Wanderers,Coral,Draw,3.4
Crystal Palace vs Wolverhampton Wanderers,Ladbrokes,Crystal Palace,2.2
Crystal Palace vs Wolverhampton Wanderers,Ladbrokes,Wolverhampton Wanderers,3.25
Crystal Palace vs Wolverhampton Wanderers,Ladbrokes,Draw,3.3
Crystal Palace vs Wolverhampton Wanderers,Betfair Sportsbook,Crystal Palace,2.1
Crystal Palace vs Wolverhampton Wanderers,Betfair Sportsbook,Wolverhampton Wanderers,3.0
Crystal Palace vs Wolverhampton Wanderers,Betfair Sportsbook,Draw,2.75
Crystal Palace vs Wolverhampton Wanderers,LeoVegas,Crystal Palace,2.17
Crystal Palace vs Wolverhampton Wanderers,LeoVegas,Wolverhampton Wanderers,3.25
Crystal Palace vs Wolverhampton Wanderers,LeoVegas,Draw,3.3
Crystal Palace vs Wolverhampton Wanderers,Casumo,Crystal Palace,2.2
Crystal Palace vs Wolverhampton Wanderers,Casumo,Wolverhampton Wanderers,3.3
Crystal Palace vs Wolverhampton Wanderers,Casumo,Draw,3.35
Crystal Palace vs Wolverhampton Wanderers,Virgin Bet,Crystal Palace,2.12
Crystal Palace vs Wolverhampton Wanderers,Virgin Bet,Wolverhampton Wanderers,3.2
Crystal Palace vs Wolverhampton Wanderers,Virgin Bet,Draw,3.25
Crystal Palace vs Wolverhampton Wanderers,Unibet,Crystal Palace,2.23
Crystal Palace vs Wolverhampton Wanderers,Unibet,Wolverhampton Wanderers,3.35
Crystal Palace vs Wolverhampton Wanderers,Unibet,Draw,3.35
Crystal Palace vs Wolverhampton Wanderers,LiveScore Bet,Crystal Palace,2.12
Crystal Palace vs Wolverhampton Wanderers,LiveScore Bet,Wolverhampton Wanderers,3.2
Crystal Palace vs Wolverhampton Wanderers,LiveScore Bet,Draw,3.25
Crystal Palace vs Wolverhampton Wanderers,Grosvenor,Crystal Palace,2.2
Crystal Palace vs Wolverhampton Wanderers,Grosvenor,Wolverhampton Wanderers,3.3
Crystal Palace vs Wolverhampton Wanderers,Grosvenor,Draw,3.35
Crystal Palace vs Wolverhampton Wanderers,Matchbook,Crystal Palace,2.38
Crystal Palace vs Wolverhampton Wanderers,Matchbook,Wolverhampton Wanderers,3.4
Crystal Palace vs Wolverhampton Wanderers,Matchbook,Draw,3.4
Crystal Palace vs Wolverhampton Wanderers,Matchbook,Crystal Palace,2.42
Crystal Palace vs Wolverhampton Wanderers,Matchbook,Wolverhampton Wanderers,3.5
Crystal Palace vs Wolverhampton Wanderers,Matchbook,Draw,3.5
Royal Challengers Bangalore vs Kolkata Knight Riders,Unibet,Kolkata Knight Riders,2.15
Royal Challengers Bangalore vs Kolkata Knight Riders,Unibet,Royal Challengers Bangalore,1.7
Royal Challengers Bangalore vs Kolkata Knight Riders,TABtouch,Kolkata Knight Riders,2.15
Royal Challengers Bangalore vs Kolkata Knight Riders,TABtouch,Royal Challengers Bangalore,1.7
Royal Challengers Bangalore vs Kolkata Knight Riders,Virgin Bet,Kolkata Knight Riders,2.15
Royal Challengers Bangalore vs Kolkata Knight Riders,Virgin Bet,Royal Challengers Bangalore,1.7
Royal Challengers Bangalore vs Kolkata Knight Riders,Grosvenor,Kolkata Knight Riders,2.15
Royal Challengers Bangalore vs Kolkata Knight Riders,Grosvenor,Royal Challengers Bangalore,1.7
Royal Challengers Bangalore vs Kolkata Knight Riders,Unibet,Kolkata Knight Riders,2.15
Royal Challengers Bangalore vs Kolkata Knight Riders,Unibet,Royal Challengers Bangalore,1.7
Royal Challengers Bangalore vs Kolkata Knight Riders,LiveScore Bet,Kolkata Knight Riders,2.15
Royal Challengers Bangalore vs Kolkata Knight Riders,LiveScore Bet,Royal Challengers Bangalore,1.7
Royal Challengers Bangalore vs Kolkata Knight Riders,Casumo,Kolkata Knight Riders,2.15
Royal Challengers Bangalore vs Kolkata Knight Riders,Casumo,Royal Challengers Bangalore,1.7
Royal Challengers Bangalore vs Kolkata Knight Riders,Paddy Power,Kolkata Knight Riders,2.0
Royal Challengers Bangalore vs Kolkata Knight Riders,Paddy Power,Royal Challengers Bangalore,1.8
Royal Challengers Bangalore vs Kolkata Knight Riders,SportsBet,Kolkata Knight Riders,2.01
Royal Challengers Bangalore vs Kolkata Knight Riders,SportsBet,Royal Challengers Bangalore,1.77
Royal Challengers Bangalore vs Kolkata Knight Riders,Betfair,Kolkata Knight Riders,2.08
Royal Challengers Bangalore vs Kolkata Knight Riders,Betfair,Royal Challengers Bangalore,1.9
Royal Challengers Bangalore vs Kolkata Knight Riders,Betfair,Kolkata Knight Riders,2.12
Royal Challengers Bangalore vs Kolkata Knight Riders,Betfair,Royal Challengers Bangalore,1.91
Royal Challengers Bangalore vs Kolkata Knight Riders,Betfair,Kolkata Knight Riders,2.08
Royal Challengers Bangalore vs Kolkata Knight Riders,Betfair,Royal Challengers Bangalore,1.9
Royal Challengers Bangalore vs Kolkata Knight Riders,Betfair,Kolkata Knight Riders,2.12
Royal Challengers Bangalore vs Kolkata Knight Riders,Betfair,Royal Challengers Bangalore,1.91
Royal Challengers Bangalore vs Kolkata Knight Riders,BoyleSports,Kolkata Knight Riders,2.0
Royal Challengers Bangalore vs Kolkata Knight Riders,BoyleSports,Royal Challengers Bangalore,1.73
Royal Challengers Bangalore vs Kolkata Knight Riders,William Hill,Kolkata Knight Riders,2.0
Royal Challengers Bangalore vs Kolkata Knight Riders,William Hill,Royal Challengers Bangalore,1.8
Royal Challengers Bangalore vs Kolkata Knight Riders,Coral,Kolkata Knight Riders,2.0
Royal Challengers Bangalore vs Kolkata Knight Riders,Coral,Royal Challengers Bangalore,1.8
Royal Challengers Bangalore vs Kolkata Knight Riders,Betway,Kolkata Knight Riders,2.05
Royal Challengers Bangalore vs Kolkata Knight Riders,Betway,Royal Challengers Bangalore,1.8
Royal Challengers Bangalore vs Kolkata Knight Riders,Neds,Kolkata Knight Riders,2.02
Royal Challengers Bangalore vs Kolkata Knight Riders,Neds,Royal Challengers Bangalore,1.8
Royal Challengers Bangalore vs Kolkata Knight Riders,Ladbrokes,Kolkata Knight Riders,2.02
Royal Challengers Bangalore vs Kolkata Knight Riders,Ladbrokes,Royal Challengers Bangalore,1.8
Royal Challengers Bangalore vs Kolkata Knight Riders,PointsBet (AU),Kolkata Knight Riders,2.0
Royal Challengers Bangalore vs Kolkata Knight Riders,PointsBet (AU),Royal Challengers Bangalore,1.8
Royal Challengers Bangalore vs Kolkata Knight Riders,Betr,Kolkata Knight Riders,1.98
Royal Challengers Bangalore vs Kolkata Knight Riders,Betr,Royal Challengers Bangalore,1.8
Royal Challengers Bangalore vs Kolkata Knight Riders,888sport,Kolkata Knight Riders,1.85
Royal Challengers Bangalore vs Kolkata Knight Riders,888sport,Royal Challengers Bangalore,1.67
Royal Challengers Bangalore vs Kolkata Knight Riders,TAB,Kolkata Knight Riders,2.1
Royal Challengers Bangalore vs Kolkata Knight Riders,TAB,Royal Challengers Bangalore,1.7
Rajasthan Royals vs Punjab Kings,Unibet,Punjab Kings,1.7
Rajasthan Royals vs Punjab Kings,Unibet,Rajasthan Royals,2.15
Rajasthan Royals vs Punjab Kings,TABtouch,Punjab Kings,1.7
Rajasthan Royals vs Punjab Kings,TABtouch,Rajasthan Royals,2.15
Rajasthan Royals vs Punjab Kings,Virgin Bet,Punjab Kings,1.7
Rajasthan Royals vs Punjab Kings,Virgin Bet,Rajasthan Royals,2.15
Rajasthan Royals vs Punjab Kings,Casumo,Punjab Kings,1.7
Rajasthan Royals vs Punjab Kings,Casumo,Rajasthan Royals,2.15
Rajasthan Royals vs Punjab Kings,Grosvenor,Punjab Kings,1.7
Rajasthan Royals vs Punjab Kings,Grosvenor,Rajasthan Royals,2.15
Rajasthan Royals vs Punjab Kings,Unibet,Punjab Kings,1.7
Rajasthan Royals vs Punjab Kings,Unibet,Rajasthan Royals,2.15
Rajasthan Royals vs Punjab Kings,LiveScore Bet,Punjab Kings,1.7
Rajasthan Royals vs Punjab Kings,LiveScore Bet,Rajasthan Royals,2.15
Rajasthan Royals vs Punjab Kings,Paddy Power,Punjab Kings,1.73
Rajasthan Royals vs Punjab Kings,Paddy Power,Rajasthan Royals,2.1
Rajasthan Royals vs Punjab Kings,PointsBet (AU),Punjab Kings,1.7
Rajasthan Royals vs Punjab Kings,PointsBet (AU),Rajasthan Royals,2.15
Rajasthan Royals vs Punjab Kings,Betfair Sportsbook,Punjab Kings,1.73
Rajasthan Royals vs Punjab Kings,Betfair Sportsbook,Rajasthan Royals,2.1
Rajasthan Royals vs Punjab Kings,SportsBet,Punjab Kings,1.69
Rajasthan Royals vs Punjab Kings,SportsBet,Rajasthan Royals,2.13
Rajasthan Royals vs Punjab Kings,Betfair,Punjab Kings,1.78
Rajasthan Royals vs Punjab Kings,Betfair,Rajasthan Royals,2.24
Rajasthan Royals vs Punjab Kings,Betfair,Punjab Kings,1.8
Rajasthan Royals vs Punjab Kings,Betfair,Rajasthan Royals,2.28
Rajasthan Royals vs Punjab Kings,Betfair,Punjab Kings,1.78
Rajasthan Royals vs Punjab Kings,Betfair,Rajasthan Royals,2.24
Rajasthan Royals vs Punjab Kings,Betfair,Punjab Kings,1.8
Rajasthan Royals vs Punjab Kings,Betfair,Rajasthan Royals,2.28
Rajasthan Royals vs Punjab Kings,BoyleSports,Punjab Kings,1.67
Rajasthan Royals vs Punjab Kings,BoyleSports,Rajasthan Royals,2.2
Rajasthan Royals vs Punjab Kings,William Hill,Punjab Kings,1.73
Rajasthan Royals vs Punjab Kings,William Hill,Rajasthan Royals,2.1
Rajasthan Royals vs Punjab Kings,Coral,Punjab Kings,1.73
Rajasthan Royals vs Punjab Kings,Coral,Rajasthan Royals,2.1
Rajasthan Royals vs Punjab Kings,Betway,Punjab Kings,1.7
Rajasthan Royals vs Punjab Kings,Betway,Rajasthan Royals,2.15
Rajasthan Royals vs Punjab Kings,Betr,Punjab Kings,1.69
Rajasthan Royals vs Punjab Kings,Betr,Rajasthan Royals,2.15
Rajasthan Royals vs Punjab Kings,Neds,Punjab Kings,1.72
Rajasthan Royals vs Punjab Kings,Neds,Rajasthan Royals,2.1
Rajasthan Royals vs Punjab Kings,Ladbrokes,Punjab Kings,1.72
Rajasthan Royals vs Punjab Kings,Ladbrokes,Rajasthan Royals,2.1
Rajasthan Royals vs Punjab Kings,888sport,Punjab Kings,1.57
Rajasthan Royals vs Punjab Kings,888sport,Rajasthan Royals,2.05
Delhi Capitals vs Gujarat Titans,Unibet,Delhi Capitals,1.95
Delhi Capitals vs Gujarat Titans,Unibet,Gujarat Titans,1.85
Delhi Capitals vs Gujarat Titans,Virgin Bet,Delhi Capitals,1.95
Delhi Capitals vs Gujarat Titans,Virgin Bet,Gujarat Titans,1.85
Delhi Capitals vs Gujarat Titans,Casumo,Delhi Capitals,1.94
Delhi Capitals vs Gujarat Titans,Casumo,Gujarat Titans,1.85
Delhi Capitals vs Gujarat Titans,Unibet,Delhi Capitals,1.94
Delhi Capitals vs Gujarat Titans,Unibet,Gujarat Titans,1.85
Delhi Capitals vs Gujarat Titans,Grosvenor,Delhi Capitals,1.94
Delhi Capitals vs Gujarat Titans,Grosvenor,Gujarat Titans,1.85
Delhi Capitals vs Gujarat Titans,LiveScore Bet,Delhi Capitals,1.95
Delhi Capitals vs Gujarat Titans,LiveScore Bet,Gujarat Titans,1.85
Delhi Capitals vs Gujarat Titans,TABtouch,Delhi Capitals,1.94
Delhi Capitals vs Gujarat Titans,TABtouch,Gujarat Titans,1.85
Delhi Capitals vs Gujarat Titans,Paddy Power,Delhi Capitals,2.1
Delhi Capitals vs Gujarat Titans,Paddy Power,Gujarat Titans,1.73
Delhi Capitals vs Gujarat Titans,Betfair Sportsbook,Delhi Capitals,2.1
Delhi Capitals vs Gujarat Titans,Betfair Sportsbook,Gujarat Titans,1.73
Delhi Capitals vs Gujarat Titans,SportsBet,Delhi Capitals,2.12
Delhi Capitals vs Gujarat Titans,SportsBet,Gujarat Titans,1.69
Delhi Capitals vs Gujarat Titans,Betfair,Delhi Capitals,2.2
Delhi Capitals vs Gujarat Titans,Betfair,Gujarat Titans,1.73
Delhi Capitals vs Gujarat Titans,Betfair,Delhi Capitals,2.38
Delhi Capitals vs Gujarat Titans,Betfair,Gujarat Titans,1.83
Delhi Capitals vs Gujarat Titans,Betfair,Delhi Capitals,2.2
Delhi Capitals vs Gujarat Titans,Betfair,Gujarat Titans,1.73
Delhi Capitals vs Gujarat Titans,Betfair,Delhi Capitals,2.38
Delhi Capitals vs Gujarat Titans,Betfair,Gujarat Titans,1.83
Delhi Capitals vs Gujarat Titans,BoyleSports,Delhi Capitals,2.1
Delhi Capitals vs Gujarat Titans,BoyleSports,Gujarat Titans,1.73
Delhi Capitals vs Gujarat Titans,William Hill,Delhi Capitals,2.1
Delhi Capitals vs Gujarat Titans,William Hill,Gujarat Titans,1.73
Delhi Capitals vs Gujarat Titans,Coral,Delhi Capitals,2.1
Delhi Capitals vs Gujarat Titans,Coral,Gujarat Titans,1.73
Delhi Capitals vs Gujarat Titans,Betway,Delhi Capitals,2.15
Delhi Capitals vs Gujarat Titans,Betway,Gujarat Titans,1.7
Delhi Capitals vs Gujarat Titans,Neds,Delhi Capitals,2.1
Delhi Capitals vs Gujarat Titans,Neds,Gujarat Titans,1.72
Delhi Capitals vs Gujarat Titans,Ladbrokes,Delhi Capitals,2.1
Delhi Capitals vs Gujarat Titans,Ladbrokes,Gujarat Titans,1.72
Delhi Capitals vs Gujarat Titans,PointsBet (AU),Delhi Capitals,2.1
Delhi Capitals vs Gujarat Titans,PointsBet (AU),Gujarat Titans,1.73
Delhi Capitals vs Gujarat Titans,Betr,Delhi Capitals,2.1
Delhi Capitals vs Gujarat Titans,Betr,Gujarat Titans,1.72
Delhi Capitals vs Gujarat Titans,888sport,Delhi Capitals,2.0
Delhi Capitals vs Gujarat Titans,888sport,Gujarat Titans,1.61
Lucknow Super Giants vs Sunrisers Hyderabad,Unibet,Lucknow Super Giants,1.75
Lucknow Super Giants vs Sunrisers Hyderabad,Unibet,Sunrisers Hyderabad,2.08
Lucknow Super Giants vs Sunrisers Hyderabad,Virgin Bet,Lucknow Super Giants,1.75
Lucknow Super Giants vs Sunrisers Hyderabad,Virgin Bet,Sunrisers Hyderabad,2.08
Lucknow Super Giants vs Sunrisers Hyderabad,Casumo,Lucknow Super Giants,1.75
Lucknow Super Giants vs Sunrisers Hyderabad,Casumo,Sunrisers Hyderabad,2.08
Lucknow Super Giants vs Sunrisers Hyderabad,Unibet,Lucknow Super Giants,1.75
Lucknow Super Giants vs Sunrisers Hyderabad,Unibet,Sunrisers Hyderabad,2.08
Lucknow Super Giants vs Sunrisers Hyderabad,Grosvenor,Lucknow Super Giants,1.75
Lucknow Super Giants vs Sunrisers Hyderabad,Grosvenor,Sunrisers Hyderabad,2.08
Lucknow Super Giants vs Sunrisers Hyderabad,LiveScore Bet,Lucknow Super Giants,1.75
Lucknow Super Giants vs Sunrisers Hyderabad,LiveScore Bet,Sunrisers Hyderabad,2.08
Lucknow Super Giants vs Sunrisers Hyderabad,TABtouch,Lucknow Super Giants,1.75
Lucknow Super Giants vs Sunrisers Hyderabad,TABtouch,Sunrisers Hyderabad,2.08
Lucknow Super Giants vs Sunrisers Hyderabad,Paddy Power,Lucknow Super Giants,1.73
Lucknow Super Giants vs Sunrisers Hyderabad,Paddy Power,Sunrisers Hyderabad,2.1
Lucknow Super Giants vs Sunrisers Hyderabad,Betfair Sportsbook,Lucknow Super Giants,1.73
Lucknow Super Giants vs Sunrisers Hyderabad,Betfair Sportsbook,Sunrisers Hyderabad,2.1
Lucknow Super Giants vs Sunrisers Hyderabad,SportsBet,Lucknow Super Giants,1.72
Lucknow Super Giants vs Sunrisers Hyderabad,SportsBet,Sunrisers Hyderabad,2.08
Lucknow Super Giants vs Sunrisers Hyderabad,Betfair,Lucknow Super Giants,1.75
Lucknow Super Giants vs Sunrisers Hyderabad,Betfair,Sunrisers Hyderabad,2.1
Lucknow Super Giants vs Sunrisers Hyderabad,Betfair,Lucknow Super Giants,1.9
Lucknow Super Giants vs Sunrisers Hyderabad,Betfair,Sunrisers Hyderabad,2.34
Lucknow Super Giants vs Sunrisers Hyderabad,Betfair,Lucknow Super Giants,1.75
Lucknow Super Giants vs Sunrisers Hyderabad,Betfair,Sunrisers Hyderabad,2.08
Lucknow Super Giants vs Sunrisers Hyderabad,Betfair,Lucknow Super Giants,1.9
Lucknow Super Giants vs Sunrisers Hyderabad,Betfair,Sunrisers Hyderabad,2.34
Lucknow Super Giants vs Sunrisers Hyderabad,BoyleSports,Lucknow Super Giants,1.73
Lucknow Super Giants vs Sunrisers Hyderabad,BoyleSports,Sunrisers Hyderabad,2.1
Lucknow Super Giants vs Sunrisers Hyderabad,William Hill,Lucknow Super Giants,1.73
Lucknow Super Giants vs Sunrisers Hyderabad,William Hill,Sunrisers Hyderabad,2.1
Lucknow Super Giants vs Sunrisers Hyderabad,Coral,Lucknow Super Giants,1.8
Lucknow Super Giants vs Sunrisers Hyderabad,Coral,Sunrisers Hyderabad,2.1
Lucknow Super Giants vs Sunrisers Hyderabad,Betway,Lucknow Super Giants,1.75
Lucknow Super Giants vs Sunrisers Hyderabad,Betway,Sunrisers Hyderabad,2.1
Lucknow Super Giants vs Sunrisers Hyderabad,Neds,Lucknow Super Giants,1.77
Lucknow Super Giants vs Sunrisers Hyderabad,Neds,Sunrisers Hyderabad,2.05
Lucknow Super Giants vs Sunrisers Hyderabad,Ladbrokes,Lucknow Super Giants,1.77
Lucknow Super Giants vs Sunrisers Hyderabad,Ladbrokes,Sunrisers Hyderabad,2.05
Lucknow Super Giants vs Sunrisers Hyderabad,PointsBet (AU),Lucknow Super Giants,1.73
Lucknow Super Giants vs Sunrisers Hyderabad,PointsBet (AU),Sunrisers Hyderabad,2.1
Lucknow Super Giants vs Sunrisers Hyderabad,Betr,Lucknow Super Giants,1.71
Lucknow Super Giants vs Sunrisers Hyderabad,Betr,Sunrisers Hyderabad,2.1
Lucknow Super Giants vs Sunrisers Hyderabad,888sport,Lucknow Super Giants,1.61
Lucknow Super Giants vs Sunrisers Hyderabad,888sport,Sunrisers Hyderabad,2.0
